{"cameraMode":{"drawMode":0,"name":"Shaded","section":"Shading Mode"},"sceneLighting":false,"audioPlay":false,"sceneViewState":{"showFog":true,"showMaterialUpdate":true,"showSkybox":false,"showFlares":true,"showImageEffects":true,"showParticleSystems":true},"in2DMode":false,"pivot":{"x":1.5155103206634522,"y":1.092033863067627,"z":-8.479979515075684},"rotation":{"x":0.11527970433235169,"y":0.3744763135910034,"z":-0.04698353633284569,"w":0.9188504219055176},"size":5.591856956481934,"orthographic":false}