{"cameraMode":{"drawMode":0,"name":"Shaded","section":"Shading Mode"},"sceneLighting":true,"audioPlay":false,"sceneViewState":{"showFog":true,"showMaterialUpdate":true,"showSkybox":true,"showFlares":true,"showImageEffects":true,"showParticleSystems":true},"in2DMode":false,"pivot":{"x":-0.8283729553222656,"y":-4.571617126464844,"z":-86.0216064453125},"rotation":{"x":-0.23459598422050477,"y":-0.363246887922287,"z":0.09503783285617829,"w":-0.896652340888977},"size":76.21553802490235,"orthographic":false}