{"cameraMode":{"drawMode":0,"name":"Shaded","section":"Shading Mode"},"sceneLighting":true,"audioPlay":false,"sceneViewState":{"showFog":true,"showMaterialUpdate":true,"showSkybox":true,"showFlares":true,"showImageEffects":true,"showParticleSystems":true},"in2DMode":false,"pivot":{"x":-59.46421432495117,"y":148.64834594726563,"z":36.16340637207031},"rotation":{"x":-0.3105165660381317,"y":-0.5195598006248474,"z":0.2101115882396698,"w":-0.7677987813949585},"size":65.05757141113281,"orthographic":false}