{"cameraMode":{"drawMode":0,"name":"Shaded","section":"Shading Mode"},"sceneLighting":false,"audioPlay":false,"sceneViewState":{"showFog":true,"showMaterialUpdate":true,"showSkybox":true,"showFlares":true,"showImageEffects":true,"showParticleSystems":true},"in2DMode":false,"pivot":{"x":-723.189697265625,"y":-273.1507263183594,"z":169.11114501953126},"rotation":{"x":0.18429040908813477,"y":-0.5134456157684326,"z":0.11394069343805313,"w":0.830333411693573},"size":846.5496215820313,"orthographic":false}